<?xml version="1.0" encoding="UTF-8"?>
<Configuration status="WARN">
    <Appenders>
        <File name="Module1File" fileName="C:\Users\NehaMN\IdeaProjects\JavaRepo\log4jProject\src\logs\module1.log">
            <PatternLayout pattern="%d{yyyy-MM-dd HH:mm:ss} %-5p %c{1} - %m%n"/>
        </File>
        <Console name="Console" target="SYSTEM_OUT">
            <PatternLayout pattern="%d{yyyy-MM-dd HH:mm:ss} %-5p %c{1} - %m%n"/>
        </Console>

    </Appenders>

    <Loggers>
        <Logger name="com.example.module1" level="debug" additivity="false">
            <AppenderRef ref="Module1File"/>
            <AppenderRef ref="Console"/>
        </Logger>
        <Root level="info">
            <AppenderRef ref="Console"/>
        </Root>
    </Loggers>
</Configuration>
